Workbook

Sheet Lista de bosquejos
A1: DISCURSOS PÚBLICOS PRONUNCIADOS
B2: TEMA | C2: FECHA QUE SE PRESENTO
A3: Num. | B3: Titulo | C3: 2026 | D3: 2027
A4: 1 | B4: ¿Conoce bien a Dios?
A5: 2 | B5: ¿Sobreviviremos a los últimos días?
A6: 3 | B6: Avancemos con la organización unida de Jehová
A7: 4 | B7: El mundo que nos rodea prueba que Dios existe
A8: 5 | B8: Ayuda práctica para las familias
A9: 6 | B9: ¿Qué aprendemos del diluvio universal?
A10: 7 | B10: Imitemos al “Padre de tiernas misericordias"
A11: 8 | B11: Vivamos para hacer la voluntad de Dios, no la nuestra
A12: 9 | B12: Escuchemos y pongamos en práctica la Palabra de Dios
A13: 10 | B13: Seamos honrados en todo
A14: 11 | B14: Imitemos a Jesús, y no seamos parte del mundo
A15: 12 | B15: A Dios le importa cómo vemos la autoridad
... A34: 31 | B34: ¿Estamos al tanto de nuestras necesidades espirituales?
A35: 32 | B35: Cómo enfrentarse a las inquietudes de la vida | C35: 46026
A36: 33 | B36: ¿Habrá algún día justicia para todos?
A37: 34 | B37: ¿Tendrá usted la marca para sobrevivir? | C37: 46082
A38: 35 | B38: ¿Se puede vivir para siempre? ¿Lo logrará usted?
A39: 36 | B39: ¿Es esta vida todo lo que podamos esperar?
A40: 37 | B40: ¿Por qué andar en el camino de Dios?
A41: 38 | B41: ¿Cómo puede usted sobrevivir al fin del mundo?
A42: 39 | B42: ¿En qué sentido es Jesucristo el vencedor del mundo?
A43: 40 | B43: ¿Qué sucederá en el futuro cercano?
A44: 41 | B44: "Estense quietos y vean cómo los salva Jehová"
A45: 42 | B45: ¿Puede el amor vencer al odio?
A46: 43 | B46: Lo que Dios espera de nosotros siempre nos beneficia
A47: 44 | B47: ¿Cómo le benefician a usted las enseñanzas de Jesús?
A48: 45 | B48: Sigamos el camino que lleva a la vida
A49: 46 | B49: Mantengamos nuestra confianza fuerte hasta el fin
... A68: 65 | B68: ¿Cómo podemos ser pacíficos en un mundo violento?
A69: 66 | B69: ¿Será usted un buen trabajador en la cosecha? | C69: 46047
A70: 67 | B70: Medite en la Palabra de Jehová y en su creación
A71: 68 | B71: “Sigan [...] perdonándose con generosidad”
A72: 69 | B72: ¿Por qué es importante mostrar amor desinteresado?
A73: 70 | B73: ¿Por qué se merece Dios toda nuestra confianza?
A74: 71 | B74: Ahora es el momento de estar despiertos
A75: 72 | B75: El amor identifica a la religión verdadera
A76: 73 | B76: Consigamos que nuestro corazón sea sabio
A77: 74 | B77: Jehová está pendiente de nosotros
A78: 75 | B78: Demuestre que apoya el gobierno de Dios
A79: 76 | B79: ¿Pueden los principios bíblicos ayudarnos a afrontar los problemas de nuestro tiempo?
A80: 77 | B80: “Sean siempre hospitalarios”
A81: 78 | B81: Sirva a Jehová con alegría
... A101: 98 | B101: "La escena de este mundo está cambiando"
A102: 99 | B102: Por qué se puede confiar en la Biblia | C102: 46061
A103: 100 | B103: Haga amistades que duren para siempre
A104: 101 | B104: Jehová, el “Gran Creador”
A105: 102 | B105: Prestémosle atención a “la palabra profética”
A106: 103 | B106: Cómo ser verdaderamente felices
A107: 104 | B107: Padres, ¿están construyendo con materiales resistentes al fuego?
A108: 105 | B108: Cómo obtener consuelo en toda tribulación
A109: 106 | B109: Dios dará su merecido a los que arruinan la Tierra
A110: 107 | B110: Eduquemos nuestra conciencia, y nos irá bien
A111: 108 | B111: Mire al futuro sin miedo | C111: 46102
A112: 109 | B112: El Reino de Dios está cerca
A113: 110 | B113: La familia feliz es la que pone a Dios en primer lugar
A114: 111 | B114: La humanidad recuperará la salud por completo
A115: 112 | B115: Mostremos amor en un mundo egoísta
A116: 113 | B116: Joven, ¿cómo puedes ser feliz y tener éxito? | C116: 46054
A117: 114 | B117: Aprecie las maravillas de la creación de Dios
A118: 115 | B118: Protéjase de las astutas trampas de Satanás
A119: 116 | B119: Sea sabio al elegir sus compañías
A120: 117 | B120: Cómo vencer el mal con el bien
A121: 118 | B121: Veamos a los jóvenes como los ve Jehová
A122: 119 | B122: Por qué es provechoso que los cristianos se mantengan separados del mundo
A123: 120 | B123: Razones para someterse hoy al gobierno de Dios
A124: 121 | B124: Una hermandad mundial sobrevivirá a la mayor calamidad de la historia
A125: 122 | B125: ¿De qué fuente vendrá la paz mundial?
A126: 123 | B126: Por qué deben ser diferentes los cristianos
A127: 124 | B127: Razones para confiar en el origen divino de la Biblia
A128: 125 | B128: Por qué necesita la humanidad un rescate
... A155: 152 | B155: ¿Cuándo y por qué vendrá el verdadero Armagedón?
A156: 153 | B156: Estemos muy pendientes del “impresionante día de Jehová” | C156: 46096
A157: 154 | B157: El gobierno del hombre, pesado en la balanza
A158: 155 | B158: ¿Ha llegado la hora del juicio de Babilonia?
A159: 156 | B159: ¿Es el día del juicio un tiempo de temor, o de esperanza?
A160: 157 | B160: Cómo adornan los cristianos la enseñanza divina
A161: 158 | B161: Seamos valerosos y confiemos en Jehová
A162: 159 | B162: Cómo encontrar seguridad en un mundo peligroso
A163: 160 | B163: Protejamos nuestra identidad cristiana
A164: 161 | B164: ¿Por qué sufrió y murió Jesús?
A165: 162 | B165: Liberados de un mundo de oscuridad
A166: 163 | B166: ¿Por qué temer al Dios verdadero?
A167: 164 | B167: ¿Sigue Dios ejerciendo la soberanía sobre la Tierra?
A168: 165 | B168: ¿A qué valores concedemos más importancia?
... A171: 168 | B171: Cómo sentirse seguro en este mundo turbulento
A172: 169 | B172: ¿Por qué debemos guiarnos por la Biblia? | C172: 46075
A173: 170 | B173: ¿Quién es el único que puede gobernar bien a la humanidad?
A174: 171 | B174: Usted puede disfrutar de la vida en paz ahora y para siempre
A175: 172 | B175: ¿Qué posición tenemos ante Dios?
A176: 173 | B176: ¿Le importa a Dios qué religión tengamos?
A177: 174 | B177: ¿Quién será digno de entrar en el nuevo mundo de Dios?
A178: 175 | B178: ¿Qué pruebas demuestran la autenticidad de la Biblia?
A179: 176 | B179: ¿Cuándo tendremos verdadera paz y seguridad?
A180: 177 | B180: ¿A quién podemos acudir en tiempos de angustia?
A181: 178 | B181: Andemos en el camino de la integridad
A182: 179 | B182: Rechace las fantasías mundanales; busque las realidades del Reino
A183: 180 | B183: ¿Por qué debe ser real para nosotros la esperanza de la resurrección?
...

Sheet Nos visitan 2026
E2: DISCURSOS PUBLICOS | L2: Anotaciones adicionales
E3: Visitas a la congregación "El Castillo"
A5: Hospitalidad | B5: aseo | E5: Enero
A6: Grupo | C6: Discursante | E6: # | F6: Tema | H6: Canción | I6: Hora | J6: Fecha | L6: Verificar | N6: Numero de contacto | O6: ¿Asistio? | P6: ¿Presento otro bosquejo?
A7: 1 | B7: 6 | C7: Azahel Ramirez | E7: 32 | F7: Cómo enfrentarse a las inquietudes de la vida | H7: 3 | I7: 0.41666667 | J7: 46026 | K7: =IF(F7 <> "", F7, _xlfn.XLOOKUP(E7, 'Lista de bosquejos'!A4:A197, 'Lista de bosquejos'!B4:B197, "Discurso no encontrado")) -> Cómo enfrentarse a las inquietudes de la vida | L7: =IFERROR( _xlfn.LET( _xlpm.fila_encontrada, MATCH(F7, 'Lista de bosquejos'!B4:B237, 0), _xlpm.fecha_C, INDEX('Lista de bosquejos'!C4:C237, _xlpm.fila_encontrada), _xlpm.fecha_D, INDEX('Lista de bosquejos'!D4:D237, _xlpm.fila_encontrada), _xlpm.fecha_evaluar, MAX(_xlpm.fecha_C, _xlpm.fecha_D), _xlpm.diferencia, J7 - _xlpm.fecha_evaluar, IF(_xlpm.diferencia = 0, "Listo", IF(AND(_xlpm.diferencia > 1, _xlpm.diferencia < 365), "Reciente", "No reciente") ) ), "¡No encontrado!" ) -> Listo | M7: =IFERROR(MATCH(F7, 'Lista de bosquejos'!B4:B197, 0), "¿?") -> 32 | O7: Si
C8: Congregación El Castillo
A9: 2 | B9: 1 | C9: Luis Muñoz | E9: 189 | F9: ¿Faltará menos de lo que usted cree? | H9: 150 | I9: 0.41666667 | J9: 46033 | K9: =IF(F9 <> "", F9, _xlfn.XLOOKUP(E9, 'Lista de bosquejos'!A4:A197, 'Lista de bosquejos'!B4:B197, "Discurso no encontrado")) -> ¿Faltará menos de lo que usted cree? | L9: =IFERROR( _xlfn.LET( _xlpm.fila_encontrada, MATCH(F9, 'Lista de bosquejos'!B4:B237, 0), _xlpm.fecha_C, INDEX('Lista de bosquejos'!C4:C237, _xlpm.fila_encontrada), _xlpm.fecha_D, INDEX('Lista de bosquejos'!D4:D237, _xlpm.fila_encontrada), _xlpm.fecha_evaluar, MAX(_xlpm.fecha_C, _xlpm.fecha_D), _xlpm.diferencia, J9 - _xlpm.fecha_evaluar, IF(_xlpm.diferencia = 0, "Listo", IF(AND(_xlpm.diferencia > 1, _xlpm.diferencia < 365), "Reciente", "No reciente") ) ), "¡No encontrado!" ) -> Listo | M9: =IFERROR(MATCH(F9, 'Lista de bosquejos'!B4:B197, 0), "¿?") -> 181 | O9: Si
C10: Congregación El Castillo
B11: 2 | F11: Visita del superintendente de circuito | I11: 0.41666667 | J11: 46040 | K11: =IF(F11 <> "", F11, _xlfn.XLOOKUP(E11, 'Lista de bosquejos'!A4:A197, 'Lista de bosquejos'!B4:B197, "Discurso no encontrado")) -> Visita del superintendente de circuito | L11: =IFERROR( _xlfn.LET( _xlpm.fila_encontrada, MATCH(F11, 'Lista de bosquejos'!B4:B237, 0), _xlpm.fecha_C, INDEX('Lista de bosquejos'!C4:C237, _xlpm.fila_encontrada), _xlpm.fecha_D, INDEX('Lista de bosquejos'!D4:D237, _xlpm.fila_encontrada), _xlpm.fecha_evaluar, MAX(_xlpm.fecha_C, _xlpm.fecha_D), _xlpm.diferencia, J11 - _xlpm.fecha_evaluar, IF(_xlpm.diferencia = 0, "Listo", IF(AND(_xlpm.diferencia > 1, _xlpm.diferencia < 365), "Reciente", "No reciente") ) ), "¡No encontrado!" ) -> ¡No encontrado! | M11: =IFERROR(MATCH(F11, 'Lista de bosquejos'!B4:B197, 0), "¿?") -> ¿? | O11: Si
A13: 4 | B13: 3 | C13: Ramón Rojas | E13: 66 | F13: ¿Será usted un buen trabajador en la cosecha? | H13: 64 | I13: 0.41666667 | J13: 46047 | K13: =IF(F13 <> "", F13, _xlfn.XLOOKUP(E13, 'Lista de bosquejos'!A4:A197, 'Lista de bosquejos'!B4:B197, "Discurso no encontrado")) -> ¿Será usted un buen trabajador en la cosecha? | L13: =IFERROR( _xlfn.LET( _xlpm.fila_encontrada, MATCH(F13, 'Lista de bosquejos'!B4:B237, 0), _xlpm.fecha_C, INDEX('Lista de bosquejos'!C4:C237, _xlpm.fila_encontrada), _xlpm.fecha_D, INDEX('Lista de bosquejos'!D4:D237, _xlpm.fila_encontrada), _xlpm.fecha_evaluar, MAX(_xlpm.fecha_C, _xlpm.fecha_D), _xlpm.diferencia, J13 - _xlpm.fecha_evaluar, IF(_xlpm.diferencia = 0, "Listo", IF(AND(_xlpm.diferencia > 1, _xlpm.diferencia < 365), "Reciente", "No reciente") ) ), "¡No encontrado!" ) -> Listo | M13: =IFERROR(MATCH(F13, 'Lista de bosquejos'!B4:B197, 0), "¿?") -> 66 | O13: Si
C14: Congregación El Castillo
A17: Hospitalidad | B17: aseo | E17: Febrero
A18: Grupo | C18: Discursante | E18: # | F18: Tema | H18: Canción | I18: Hora | J18: Fecha | L18: Verificar | N18: Numero de contacto | O18: ¿Asistio? | P18: ¿Presento otro bosquejo?
A19: 5 | B19: 4 | C19: Abel Rojas | E19: 113 | F19: Joven, ¿cómo puedes ser feliz y tener éxito? | I19: 0.41666667 | J19: 46054 | K19: =IF(F19 <> "", F19, _xlfn.XLOOKUP(E19, 'Lista de bosquejos'!A4:A197, 'Lista de bosquejos'!B4:B197, "Discurso no encontrado")) -> Joven, ¿cómo puedes ser feliz y tener éxito? | L19: =IFERROR( _xlfn.LET( _xlpm.fila_encontrada, MATCH(F19, 'Lista de bosquejos'!B4:B237, 0), _xlpm.fecha_C, INDEX('Lista de bosquejos'!C4:C237, _xlpm.fila_encontrada), _xlpm.fecha_D, INDEX('Lista de bosquejos'!D4:D237, _xlpm.fila_encontrada), _xlpm.fecha_evaluar, MAX(_xlpm.fecha_C, _xlpm.fecha_D), _xlpm.diferencia, J19 - _xlpm.fecha_evaluar, IF(_xlpm.diferencia = 0, "Listo", IF(AND(_xlpm.diferencia > 1, _xlpm.diferencia < 365), "Reciente", "No reciente") ) ), "¡No encontrado!" ) -> Listo | M19: =IFERROR(MATCH(F19, 'Lista de bosquejos'!B4:B197, 0), "¿?") -> 113 | O19: Si
C20: Congregación El Castillo
A21: 3 | B21: 5 | C21: Juan Gilberto Diaz | E21: 99 | F21: Por qué se puede confiar en la Biblia | I21: 0.41666667 | J21: 46061 | K21: =IF(F21 <> "", F21, _xlfn.XLOOKUP(E21, 'Lista de bosquejos'!A4:A197, 'Lista de bosquejos'!B4:B197, "Discurso no encontrado")) -> Por qué se puede confiar en la Biblia | L21: =IFERROR( _xlfn.LET( _xlpm.fila_encontrada, MATCH(F21, 'Lista de bosquejos'!B4:B237, 0), _xlpm.fecha_C, INDEX('Lista de bosquejos'!C4:C237, _xlpm.fila_encontrada), _xlpm.fecha_D, INDEX('Lista de bosquejos'!D4:D237, _xlpm.fila_encontrada), _xlpm.fecha_evaluar, MAX(_xlpm.fecha_C, _xlpm.fecha_D), _xlpm.diferencia, J21 - _xlpm.fecha_evaluar, IF(_xlpm.diferencia = 0, "Listo", IF(AND(_xlpm.diferencia > 1, _xlpm.diferencia < 365), "Reciente", "No reciente") ) ), "¡No encontrado!" ) -> Listo | M21: =IFERROR(MATCH(F21, 'Lista de bosquejos'!B4:B197, 0), "¿?") -> 99
C22: Congregación El Castillo
B23: 6 | F23: Reunión especial visita a la sucursal de centroamerica | I23: 0.375 | J23: 46068 | K23: =IF(F23 <> "", F23, _xlfn.XLOOKUP(E23, 'Lista de bosquejos'!A4:A197, 'Lista de bosquejos'!B4:B197, "Discurso no encontrado")) -> Reunión especial visita a la sucursal de centroamerica | L23: =IFERROR( _xlfn.LET( _xlpm.fila_encontrada, MATCH(F23, 'Lista de bosquejos'!B4:B237, 0), _xlpm.fecha_C, INDEX('Lista de bosquejos'!C4:C237, _xlpm.fila_encontrada), _xlpm.fecha_D, INDEX('Lista de bosquejos'!D4:D237, _xlpm.fila_encontrada), _xlpm.fecha_evaluar, MAX(_xlpm.fecha_C, _xlpm.fecha_D), _xlpm.diferencia, J23 - _xlpm.fecha_evaluar, IF(_xlpm.diferencia = 0, "Listo", IF(AND(_xlpm.diferencia > 1, _xlpm.diferencia < 365), "Reciente", "No reciente") ) ), "¡No encontrado!" ) -> ¡No encontrado! | M23: =IFERROR(MATCH(F23, 'Lista de bosquejos'!B4:B197, 0), "¿?") -> ¿?
A25: 6 | B25: 1 | C25: Oscar Rojas Plascencia | E25: 169 | F25: ¿Por qué debemos guiarnos por la biblia? | H25: 98 | I25: 0.41666667 | J25: 46075 | K25: =IF(F25 <> "", F25, _xlfn.XLOOKUP(E25, 'Lista de bosquejos'!A4:A197, 'Lista de bosquejos'!B4:B197, "Discurso no encontrado")) -> ¿Por qué debemos guiarnos por la biblia? | L25: =IFERROR( _xlfn.LET( _xlpm.fila_encontrada, MATCH(F25, 'Lista de bosquejos'!B4:B237, 0), _xlpm.fecha_C, INDEX('Lista de bosquejos'!C4:C237, _xlpm.fila_encontrada), _xlpm.fecha_D, INDEX('Lista de bosquejos'!D4:D237, _xlpm.fila_encontrada), _xlpm.fecha_evaluar, MAX(_xlpm.fecha_C, _xlpm.fecha_D), _xlpm.diferencia, J25 - _xlpm.fecha_evaluar, IF(_xlpm.diferencia = 0, "Listo", IF(AND(_xlpm.diferencia > 1, _xlpm.diferencia < 365), "Reciente", "No reciente") ) ), "¡No encontrado!" ) -> Listo | M25: =IFERROR(MATCH(F25, 'Lista de bosquejos'!B4:B197, 0), "¿?") -> 169
C26: Congregación El Castillo
A31: Hospitalidad | B31: aseo | E31: Marzo
A32: Grupo | C32: Discursante | E32: # | F32: Tema | H32: Canción | I32: Hora | J32: Fecha | L32: Verificar | N32: Numero de contacto | O32: ¿Asistio? | P32: ¿Presento otro bosquejo?
A33: 1 | B33: 2 | C33: Ricardo Toledo | F33: ¿Tendrá usted la marca para sobrevivir? | I33: 0.41666667 | J33: 46082 | K33: =IF(F33 <> "", F33, _xlfn.XLOOKUP(E33, 'Lista de bosquejos'!A4:A197, 'Lista de bosquejos'!B4:B197, "Discurso no encontrado")) -> ¿Tendrá usted la marca para sobrevivir? | L33: =IFERROR( _xlfn.LET( _xlpm.fila_encontrada, MATCH(F33, 'Lista de bosquejos'!B4:B237, 0), _xlpm.fecha_C, INDEX('Lista de bosquejos'!C4:C237, _xlpm.fila_encontrada), _xlpm.fecha_D, INDEX('Lista de bosquejos'!D4:D237, _xlpm.fila_encontrada), _xlpm.fecha_evaluar, MAX(_xlpm.fecha_C, _xlpm.fecha_D), _xlpm.diferencia, J33 - _xlpm.fecha_evaluar, IF(_xlpm.diferencia = 0, "Listo", IF(AND(_xlpm.diferencia > 1, _xlpm.diferencia < 365), "Reciente", "No reciente") ) ), "¡No encontrado!" ) -> Listo | M33: =IFERROR(MATCH(F33, 'Lista de bosquejos'!B4:B197, 0), "¿?") -> 34
C34: Congregación El Castillo
A35: 2 | B35: 3 | C35: Christopher Cardenti | F35: ¿Anda usted por el camino que lleva a la vida eterna? | I35: 0.41666667 | J35: 46089 | K35: =IF(F35 <> "", F35, _xlfn.XLOOKUP(E35, 'Lista de bosquejos'!A4:A197, 'Lista de bosquejos'!B4:B197, "Discurso no encontrado")) -> ¿Anda usted por el camino que lleva a la vida eterna? | L35: =IFERROR( _xlfn.LET( _xlpm.fila_encontrada, MATCH(F35, 'Lista de bosquejos'!B4:B237, 0), _xlpm.fecha_C, INDEX('Lista de bosquejos'!C4:C237, _xlpm.fila_encontrada), _xlpm.fecha_D, INDEX('Lista de bosquejos'!D4:D237, _xlpm.fila_encontrada), _xlpm.fecha_evaluar, MAX(_xlpm.fecha_C, _xlpm.fecha_D), _xlpm.diferencia, J35 - _xlpm.fecha_evaluar, IF(_xlpm.diferencia = 0, "Listo", IF(AND(_xlpm.diferencia > 1, _xlpm.diferencia < 365), "Reciente", "No reciente") ) ), "¡No encontrado!" ) -> Listo | M35: =IFERROR(MATCH(F35, 'Lista de bosquejos'!B4:B197, 0), "¿?") -> 192
C36: Congregación El Castillo
A37: 5 | B37: 4 | C37: Cruz Colin | F37: Estemos muy pendientes del “impresionante día de Jehová” | I37: 0.41666667 | J37: 46096 | K37: {=IF(F37 <> "", F37, _xlfn.XLOOKUP(E, 'Lista de bosquejos'!A4:A197, 'Lista de bosquejos'!B4:B197, "Discurso no encontrado"))} -> Estemos muy pendientes del “impresionante día de Jehová” | L37: =IFERROR( _xlfn.LET( _xlpm.fila_encontrada, MATCH(F37, 'Lista de bosquejos'!B4:B237, 0), _xlpm.fecha_C, INDEX('Lista de bosquejos'!C4:C237, _xlpm.fila_encontrada), _xlpm.fecha_D, INDEX('Lista de bosquejos'!D4:D237, _xlpm.fila_encontrada), _xlpm.fecha_evaluar, MAX(_xlpm.fecha_C, _xlpm.fecha_D), _xlpm.diferencia, J37 - _xlpm.fecha_evaluar, IF(_xlpm.diferencia = 0, "Listo", IF(AND(_xlpm.diferencia > 1, _xlpm.diferencia < 365), "Reciente", "No reciente") ) ), "¡No encontrado!" ) -> Listo | M37: =IFERROR(MATCH(F37, 'Lista de bosquejos'!B4:B197, 0), "¿?") -> 153
C38: Congregación La Sirena
A39: 4 | B39: 5 | C39: Isaias Saenz | F39: Mire al futuro sin miedo | H39: 153 | I39: 0.66666667 | J39: 46102 | K39: =IF(F39<> "", F39, _xlfn.XLOOKUP(E39, 'Lista de bosquejos'!A4:A197, 'Lista de bosquejos'!B4:B197, "Discurso no encontrado")) -> Mire al futuro sin miedo | L39: =IFERROR( _xlfn.LET( _xlpm.fila_encontrada, MATCH(F39, 'Lista de bosquejos'!B4:B237, 0), _xlpm.fecha_C, INDEX('Lista de bosquejos'!C4:C237, _xlpm.fila_encontrada), _xlpm.fecha_D, INDEX('Lista de bosquejos'!D4:D237, _xlpm.fila_encontrada), _xlpm.fecha_evaluar, MAX(_xlpm.fecha_C, _xlpm.fecha_D), _xlpm.diferencia, J39 - _xlpm.fecha_evaluar, IF(_xlpm.diferencia = 0, "Listo", IF(AND(_xlpm.diferencia > 1, _xlpm.diferencia < 365), "Reciente", "No reciente") ) ), "¡No encontrado!" ) -> Listo | M39: =IFERROR(MATCH(F39, 'Lista de bosquejos'!B4:B197, 0), "¿?") -> 108
C40: Congregación Redonda
A41: 3 | B41: 6 | C41: Hector Perez | F41: Discurso especial 2026 ¿Quién salvara el planeta? | I41: 0.41666667 | J41: 46110 | K41: =IF(F41 <> "", F41, _xlfn.XLOOKUP(E41, 'Lista de bosquejos'!A4:A197, 'Lista de bosquejos'!B4:B197, "Discurso no encontrado")) -> Discurso especial 2026 ¿Quién salvara el planeta? | L41: =IFERROR( _xlfn.LET( _xlpm.fila_encontrada, MATCH(F41, 'Lista de bosquejos'!B4:B237, 0), _xlpm.fecha_C, INDEX('Lista de bosquejos'!C4:C237, _xlpm.fila_encontrada), _xlpm.fecha_D, INDEX('Lista de bosquejos'!D4:D237, _xlpm.fila_encontrada), _xlpm.fecha_evaluar, MAX(_xlpm.fecha_C, _xlpm.fecha_D), _xlpm.diferencia, J41 - _xlpm.fecha_evaluar, IF(_xlpm.diferencia = 0, "Listo", IF(AND(_xlpm.diferencia > 1, _xlpm.diferencia < 365), "Reciente", "No reciente") ) ), "¡No encontrado!" ) -> ¡No encontrado! | M41: =IFERROR(MATCH(F41, 'Lista de bosquejos'!B4:B197, 0), "¿?") -> ¿?
C42: Congregación El Verde
A45: Hospitalidad | B45: aseo | E45: Abril
A46: Grupo | C46: Discursante | E46: # | F46: Tema | H46: Canción | I46: Hora | J46: Fecha | L46: Verificar | N46: Numero de contacto | O46: ¿Asistio? | P46: ¿Presento otro bosquejo?
A47: 6 | C47: Isvi Cobos | E47: 28 | F47: Muestre respeto y amor en su matrimonio | I47: 0.41666667 | J47: 46117 | K47: =IF(F47 <> "", F47, _xlfn.XLOOKUP(E49, 'Lista de bosquejos'!A4:A197, 'Lista de bosquejos'!B4:B197, "Discurso no encontrado")) -> Muestre respeto y amor en su matrimonio | L47: =IFERROR(IF(MATCH(F47, 'Lista de bosquejos'!B4:B197, 0), IF(AND(J47-INDEX('Lista de bosquejos'!D4:D197, MATCH(F47, 'Lista de bosquejos'!B4:B197, 0))>1, J47-INDEX('Lista de bosquejos'!D4:D197, MATCH(F47, 'Lista de bosquejos'!B4:B197, 0))<365), "Reciente", IF(J47=INDEX('Lista de bosquejos'!D4:D197, MATCH(F47, 'Lista de bosquejos'!B4:B197, 0)), "Listo", "No reciente")), "No encontrado"), "¡No encontrado!") -> No reciente | M47: =IFERROR(MATCH(F47, 'Lista de bosquejos'!B4:B197, 0), "¿?") -> 28
B48: 1 | C48: Congregación Campestre
F49: Asamblea de circuito | I49: 0.41666667 | J49: 46124 | K49: =IF(F49 <> "", F49, _xlfn.XLOOKUP(E49, 'Lista de bosquejos'!A4:A197, 'Lista de bosquejos'!B4:B197, "Discurso no encontrado")) -> Asamblea de circuito | L49: =IFERROR(IF(MATCH(F49, 'Lista de bosquejos'!B4:B197, 0), IF(AND(J49-INDEX('Lista de bosquejos'!D4:D197, MATCH(F49, 'Lista de bosquejos'!B4:B197, 0))>1, J49-INDEX('Lista de bosquejos'!D4:D197, MATCH(F49, 'Lista de bosquejos'!B4:B197, 0))<365), "Reciente", IF(J49=INDEX('Lista de bosquejos'!D4:D197, MATCH(F49, 'Lista de bosquejos'!B4:B197, 0)), "Listo", "No reciente")), "No encontrado"), "¡No encontrado!") -> ¡No encontrado! | M49: =IFERROR(MATCH(F49, 'Lista de bosquejos'!B4:B197, 0), "¿?") -> ¿?
A51: 1 | C51: Noe Zatarain Perez | E51: 157 | F51: Cómo adornan los cristianos la enseñanza divina | I51: 0.41666667 | J51: 46131 | K51: =IF(F51 <> "", F51, _xlfn.XLOOKUP(E51, 'Lista de bosquejos'!A4:A197, 'Lista de bosquejos'!B4:B197, "Discurso no encontrado")) -> Cómo adornan los cristianos la enseñanza divina | L51: =IFERROR(IF(MATCH(F51, 'Lista de bosquejos'!B4:B197, 0), IF(AND(J51-INDEX('Lista de bosquejos'!D4:D197, MATCH(F51, 'Lista de bosquejos'!B4:B197, 0))>1, J51-INDEX('Lista de bosquejos'!D4:D197, MATCH(F51, 'Lista de bosquejos'!B4:B197, 0))<365), "Reciente", IF(J51=INDEX('Lista de bosquejos'!D4:D197, MATCH(F51, 'Lista de bosquejos'!B4:B197, 0)), "Listo", "No reciente")), "No encontrado"), "¡No encontrado!") -> No reciente | M51: =IFERROR(MATCH(F51, 'Lista de bosquejos'!B4:B197, 0), "¿?") -> 157
B52: 2 | C52: Congregación Campestre
A53: 2 | C53: Omar Meza | E53: 18 | F53: Haga de Jehová su “fortaleza” | I53: 0.41666667 | J53: 46138 | K53: =IF(F53 <> "", F53, _xlfn.XLOOKUP(E53, 'Lista de bosquejos'!A4:A197, 'Lista de bosquejos'!B4:B197, "Discurso no encontrado")) -> Haga de Jehová su “fortaleza” | L53: =IFERROR(IF(MATCH(F53, 'Lista de bosquejos'!B4:B197, 0), IF(AND(J53-INDEX('Lista de bosquejos'!D4:D197, MATCH(F53, 'Lista de bosquejos'!B4:B197, 0))>1, J53-INDEX('Lista de bosquejos'!D4:D197, MATCH(F53, 'Lista de bosquejos'!B4:B197, 0))<365), "Reciente", IF(J53=INDEX('Lista de bosquejos'!D4:D197, MATCH(F53, 'Lista de bosquejos'!B4:B197, 0)), "Listo", "No reciente")), "No encontrado"), "¡No encontrado!") -> No reciente | M53: =IFERROR(MATCH(F53, 'Lista de bosquejos'!B4:B197, 0), "¿?") -> 18
B54: 3 | C54: Congregación Campestre
A57: Hospitalidad | B57: aseo | E57: Mayo
A58: Grupo | C58: Discursante | E58: # | F58: Tema | H58: Canción | I58: Hora | J58: Fecha | L58: Verificar | N58: Numero de contacto | O58: ¿Asistio? | P58: ¿Presento otro bosquejo?
A59: 3 | C59: Jesus Roberto Osuna | E59: 193 | F59: Pronto se nos librera de la angustia mundial | I59: 0.41666667 | J59: 46145 | K59: =IF(F59 <> "", F59, _xlfn.XLOOKUP(E59, 'Lista de bosquejos'!A4:A197, 'Lista de bosquejos'!B4:B197, "Discurso no encontrado")) -> Pronto se nos librera de la angustia mundial | L59: =IFERROR(IF(MATCH(F59, 'Lista de bosquejos'!B4:B197, 0), IF(AND(J59-INDEX('Lista de bosquejos'!D4:D197, MATCH(F59, 'Lista de bosquejos'!B4:B197, 0))>1, J59-INDEX('Lista de bosquejos'!D4:D197, MATCH(F59, 'Lista de bosquejos'!B4:B197, 0))<365), "Reciente", IF(J59=INDEX('Lista de bosquejos'!D4:D197, MATCH(F59, 'Lista de bosquejos'!B4:B197, 0)), "Listo", "No reciente")), "No encontrado"), "¡No encontrado!") -> No reciente | M59: =IFERROR(MATCH(F59, 'Lista de bosquejos'!B4:B197, 0), "¿?") -> 193
B60: 4 | C60: Congregación Campestre
A61: 4 | C61: German Mora | E61: 71 | F61: Ahora es el momento de estar despiertos | I61: 0.41666667 | J61: 46152 | K61: =IF(F61 <> "", F61, _xlfn.XLOOKUP(E61, 'Lista de bosquejos'!A4:A197, 'Lista de bosquejos'!B4:B197, "Discurso no encontrado")) -> Ahora es el momento de estar despiertos | L61: =IFERROR(IF(MATCH(F60, 'Lista de bosquejos'!B4:B197, 0), IF(AND(J60-INDEX('Lista de bosquejos'!D4:D197, MATCH(F60, 'Lista de bosquejos'!B4:B197, 0))>1, J60-INDEX('Lista de bosquejos'!D4:D197, MATCH(F60, 'Lista de bosquejos'!B4:B197, 0))<365), "Reciente", IF(J60=INDEX('Lista de bosquejos'!D4:D197, MATCH(F60, 'Lista de bosquejos'!B4:B197, 0)), "Listo", "No reciente")), "No encontrado"), "¡No encontrado!") -> ¡No encontrado! | M61: =IFERROR(MATCH(F61, 'Lista de bosquejos'!B4:B197, 0), "¿?") -> 71
B62: 5 | C62: Congregación Campestre
A63: 5 | C63: Noe Zatarain Madero | E63: 78 | F63: Sirva a Jehová con alegría | I63: 0.41666667 | J63: 46159 | K63: =IF(F63 <> "", F63, _xlfn.XLOOKUP(E63, 'Lista de bosquejos'!A4:A197, 'Lista de bosquejos'!B4:B197, "Discurso no encontrado")) -> Sirva a Jehová con alegría | L63: =IFERROR(IF(MATCH(F63, 'Lista de bosquejos'!B4:B197, 0), IF(AND(J63-INDEX('Lista de bosquejos'!D4:D197, MATCH(F63, 'Lista de bosquejos'!B4:B197, 0))>1, J63-INDEX('Lista de bosquejos'!D4:D197, MATCH(F63, 'Lista de bosquejos'!B4:B197, 0))<365), "Reciente", IF(J63=INDEX('Lista de bosquejos'!D4:D197, MATCH(F63, 'Lista de bosquejos'!B4:B197, 0)), "Listo", "No reciente")), "No encontrado"), "¡No encontrado!") -> No reciente | M63: =IFERROR(MATCH(F63, 'Lista de bosquejos'!B4:B197, 0), "¿?") -> 78
B64: 6 | C64: Congregación Campestre
A65: 6 | C65: Esteban Paniagua | E65: 65 | F65: ¿Cómo podemos ser pacíficos en un mundo violento? | I65: 0.41666667 | J65: 46166 | K65: =IF(F65 <> "", F65, _xlfn.XLOOKUP(E65, 'Lista de bosquejos'!A4:A197, 'Lista de bosquejos'!B4:B197, "Discurso no encontrado")) -> ¿Cómo podemos ser pacíficos en un mundo violento? | L65: =IFERROR(IF(MATCH(F65, 'Lista de bosquejos'!B4:B197, 0), IF(AND(J65-INDEX('Lista de bosquejos'!D4:D197, MATCH(F65, 'Lista de bosquejos'!B4:B197, 0))>1, J65-INDEX('Lista de bosquejos'!D4:D197, MATCH(F65, 'Lista de bosquejos'!B4:B197, 0))<365), "Reciente", IF(J65=INDEX('Lista de bosquejos'!D4:D197, MATCH(F65, 'Lista de bosquejos'!B4:B197, 0)), "Listo", "No reciente")), "No encontrado"), "¡No encontrado!") -> No reciente | M65: =IFERROR(MATCH(F65, 'Lista de bosquejos'!B4:B197, 0), "¿?") -> 65
B66: 1 | C66: Congregación Campestre
A67: 1 | C67: Jesus Hernandez | E67: 40 | F67: ¿Qué sucederá en el futuro cercano? | I67: 0.41666667 | J67: 46173 | K67: =IF(F67 <> "", F67, _xlfn.XLOOKUP(E67, 'Lista de bosquejos'!A4:A197, 'Lista de bosquejos'!B4:B197, "Discurso no encontrado")) -> ¿Qué sucederá en el futuro cercano? | L67: =IFERROR(IF(MATCH(F67, 'Lista de bosquejos'!B4:B197, 0), IF(AND(J67-INDEX('Lista de bosquejos'!D4:D197, MATCH(F67, 'Lista de bosquejos'!B4:B197, 0))>1, J67-INDEX('Lista de bosquejos'!D4:D197, MATCH(F67, 'Lista de bosquejos'!B4:B197, 0))<365), "Reciente", IF(J67=INDEX('Lista de bosquejos'!D4:D197, MATCH(F67, 'Lista de bosquejos'!B4:B197, 0)), "Listo", "No reciente")), "No encontrado"), "¡No encontrado!") -> No reciente | M67: =IFERROR(MATCH(F67, 'Lista de bosquejos'!B4:B197, 0), "¿?") -> 40
B68: 2 | C68: Congregación Campestre
A71: Hospitalidad | B71: aseo | E71: Junio
A72: Grupo | C72: Discursante | E72: # | F72: Tema | H72: Canción | I72: Hora | J72: Fecha | L72: Verificar | N72: Numero de contacto | O72: ¿Asistio? | P72: ¿Presento otro bosquejo?
A73: 1 | I73: 0.41666667 | J73: 46180 | K73: =IF(F73 <> "", F73, _xlfn.XLOOKUP(E73, 'Lista de bosquejos'!A4:A197, 'Lista de bosquejos'!B4:B197, "Discurso no encontrado")) -> Discurso no encontrado | L73: =IFERROR(IF(MATCH(F73, 'Lista de bosquejos'!B4:B197, 0), IF(AND(J73-INDEX('Lista de bosquejos'!D4:D197, MATCH(F73, 'Lista de bosquejos'!B4:B197, 0))>1, J73-INDEX('Lista de bosquejos'!D4:D197, MATCH(F73, 'Lista de bosquejos'!B4:B197, 0))<365), "Reciente", IF(J73=INDEX('Lista de bosquejos'!D4:D197, MATCH(F73, 'Lista de bosquejos'!B4:B197, 0)), "Listo", "No reciente")), "No encontrado"), "¡No encontrado!") -> ¡No encontrado! | M73: =IFERROR(MATCH(F73, 'Lista de bosquejos'!B4:B197, 0), "¿?") -> ¿?
C74: Congregación
A75: 2 | I75: 0.41666667 | J75: 46187 | K75: =IF(F75 <> "", F75, _xlfn.XLOOKUP(E75, 'Lista de bosquejos'!A4:A197, 'Lista de bosquejos'!B4:B197, "Discurso no encontrado")) -> Discurso no encontrado | L75: =IFERROR(IF(MATCH(F75, 'Lista de bosquejos'!B4:B197, 0), IF(AND(J75-INDEX('Lista de bosquejos'!D4:D197, MATCH(F75, 'Lista de bosquejos'!B4:B197, 0))>1, J75-INDEX('Lista de bosquejos'!D4:D197, MATCH(F75, 'Lista de bosquejos'!B4:B197, 0))<365), "Reciente", IF(J75=INDEX('Lista de bosquejos'!D4:D197, MATCH(F75, 'Lista de bosquejos'!B4:B197, 0)), "Listo", "No reciente")), "No encontrado"), "¡No encontrado!") -> ¡No encontrado! | M75: =IFERROR(MATCH(F75, 'Lista de bosquejos'!B4:B197, 0), "¿?") -> ¿?
C76: Congregación
A77: 5 | I77: 0.41666667 | J77: 46194 | K77: =IF(F77 <> "", F17, _xlfn.XLOOKUP(E77, 'Lista de bosquejos'!A4:A197, 'Lista de bosquejos'!B4:B197, "Discurso no encontrado")) -> Discurso no encontrado | L77: =IFERROR(IF(MATCH(F77, 'Lista de bosquejos'!B4:B197, 0), IF(AND(J77-INDEX('Lista de bosquejos'!D4:D197, MATCH(F77, 'Lista de bosquejos'!B4:B197, 0))>1, J77-INDEX('Lista de bosquejos'!D4:D197, MATCH(F77, 'Lista de bosquejos'!B4:B197, 0))<365), "Reciente", IF(J77=INDEX('Lista de bosquejos'!D4:D197, MATCH(F77, 'Lista de bosquejos'!B4:B197, 0)), "Listo", "No reciente")), "No encontrado"), "¡No encontrado!") -> ¡No encontrado! | M77: =IFERROR(MATCH(F77, 'Lista de bosquejos'!B4:B197, 0), "¿?") -> ¿?
C78: Congregación
A79: 4 | I79: 0.41666667 | J79: 46201 | K79: =IF(F79 <> "", F79, _xlfn.XLOOKUP(E79, 'Lista de bosquejos'!A4:A197, 'Lista de bosquejos'!B4:B197, "Discurso no encontrado")) -> Discurso no encontrado | L79: =IFERROR(IF(MATCH(F79, 'Lista de bosquejos'!B4:B197, 0), IF(AND(J79-INDEX('Lista de bosquejos'!D4:D197, MATCH(F79, 'Lista de bosquejos'!B4:B197, 0))>1, J79-INDEX('Lista de bosquejos'!D4:D197, MATCH(F79, 'Lista de bosquejos'!B4:B197, 0))<365), "Reciente", IF(J79=INDEX('Lista de bosquejos'!D4:D197, MATCH(F79, 'Lista de bosquejos'!B4:B197, 0)), "Listo", "No reciente")), "No encontrado"), "¡No encontrado!") -> ¡No encontrado! | M79: =IFERROR(MATCH(F79, 'Lista de bosquejos'!B4:B197, 0), "¿?") -> ¿?
C80: Congregación
A83: Hospitalidad | B83: aseo | E83: Julio
A84: Grupo | C84: Discursante | E84: # | F84: Tema | H84: Canción | I84: Hora | J84: Fecha | L84: Verificar | N84: Numero de contacto | O84: ¿Asistio? | P84: ¿Presento otro bosquejo?
A85: 1 | I85: 0.41666667 | J85: 46208 | K85: =IF(F85 <> "", F85, _xlfn.XLOOKUP(E85, 'Lista de bosquejos'!A4:A197, 'Lista de bosquejos'!B4:B197, "Discurso no encontrado")) -> Discurso no encontrado | L85: =IFERROR(IF(MATCH(F85, 'Lista de bosquejos'!B4:B197, 0), IF(AND(J85-INDEX('Lista de bosquejos'!D4:D197, MATCH(F85, 'Lista de bosquejos'!B4:B197, 0))>1, J85-INDEX('Lista de bosquejos'!D4:D197, MATCH(F85, 'Lista de bosquejos'!B4:B197, 0))<365), "Reciente", IF(J85=INDEX('Lista de bosquejos'!D4:D197, MATCH(F85, 'Lista de bosquejos'!B4:B197, 0)), "Listo", "No reciente")), "No encontrado"), "¡No encontrado!") -> ¡No encontrado! | M85: =IFERROR(MATCH(F85, 'Lista de bosquejos'!B4:B197, 0), "¿?") -> ¿?
C86: Congregación
A87: 2 | I87: 0.41666667 | J87: 46215 | K87: =IF(F87 <> "", F87, _xlfn.XLOOKUP(E87, 'Lista de bosquejos'!A4:A197, 'Lista de bosquejos'!B4:B197, "Discurso no encontrado")) -> Discurso no encontrado | L87: =IFERROR(IF(MATCH(F87, 'Lista de bosquejos'!B4:B197, 0), IF(AND(J87-INDEX('Lista de bosquejos'!D4:D197, MATCH(F87, 'Lista de bosquejos'!B4:B197, 0))>1, J87-INDEX('Lista de bosquejos'!D4:D197, MATCH(F87, 'Lista de bosquejos'!B4:B197, 0))<365), "Reciente", IF(J87=INDEX('Lista de bosquejos'!D4:D197, MATCH(F87, 'Lista de bosquejos'!B4:B197, 0)), "Listo", "No reciente")), "No encontrado"), "¡No encontrado!") -> ¡No encontrado! | M87: =IFERROR(MATCH(F87, 'Lista de bosquejos'!B4:B197, 0), "¿?") -> ¿?
C88: Congregación
A89: 5 | I89: 0.41666667 | J89: 46222 | K89: =IF(F89 <> "", F89, _xlfn.XLOOKUP(E89, 'Lista de bosquejos'!A4:A197, 'Lista de bosquejos'!B4:B197, "Discurso no encontrado")) -> Discurso no encontrado | L89: =IFERROR(IF(MATCH(F89, 'Lista de bosquejos'!B4:B197, 0), IF(AND(J89-INDEX('Lista de bosquejos'!D4:D197, MATCH(F89, 'Lista de bosquejos'!B4:B197, 0))>1, J89-INDEX('Lista de bosquejos'!D4:D197, MATCH(F89, 'Lista de bosquejos'!B4:B197, 0))<365), "Reciente", IF(J89=INDEX('Lista de bosquejos'!D4:D197, MATCH(F89, 'Lista de bosquejos'!B4:B197, 0)), "Listo", "No reciente")), "No encontrado"), "¡No encontrado!") -> ¡No encontrado! | M89: =IFERROR(MATCH(F89, 'Lista de bosquejos'!B4:B197, 0), "¿?") -> ¿?
C90: Congregación
A91: 4 | I91: 0.41666667 | J91: 46229 | K91: =IF(F91 <> "", F91, _xlfn.XLOOKUP(E91, 'Lista de bosquejos'!A4:A197, 'Lista de bosquejos'!B4:B197, "Discurso no encontrado")) -> Discurso no encontrado | L91: =IFERROR(IF(MATCH(F91, 'Lista de bosquejos'!B4:B197, 0), IF(AND(J91-INDEX('Lista de bosquejos'!D4:D197, MATCH(F91, 'Lista de bosquejos'!B4:B197, 0))>1, J91-INDEX('Lista de bosquejos'!D4:D197, MATCH(F91, 'Lista de bosquejos'!B4:B197, 0))<365), "Reciente", IF(J91=INDEX('Lista de bosquejos'!D4:D197, MATCH(F91, 'Lista de bosquejos'!B4:B197, 0)), "Listo", "No reciente")), "No encontrado"), "¡No encontrado!") -> ¡No encontrado! | M91: =IFERROR(MATCH(F91, 'Lista de bosquejos'!B4:B197, 0), "¿?") -> ¿?
C92: Congregación
A95: Hospitalidad | B95: aseo | E95: Agosto
A96: Grupo | C96: Discursante | E96: # | F96: Tema | H96: Canción | I96: Hora | J96: Fecha | L96: Verificar | N96: Numero de contacto | O96: ¿Asistio? | P96: ¿Presento otro bosquejo?
A97: 6 | I97: 0.41666667 | J97: 46236 | K97: =IF(F97 <> "", F97, _xlfn.XLOOKUP(E97, 'Lista de bosquejos'!A4:A197, 'Lista de bosquejos'!B4:B197, "Discurso no encontrado")) -> Discurso no encontrado | L97: =IFERROR(IF(MATCH(F97, 'Lista de bosquejos'!B4:B197, 0), IF(AND(J97-INDEX('Lista de bosquejos'!D4:D197, MATCH(F97, 'Lista de bosquejos'!B4:B197, 0))>1, J97-INDEX('Lista de bosquejos'!D4:D197, MATCH(F97, 'Lista de bosquejos'!B4:B197, 0))<365), "Reciente", IF(J97=INDEX('Lista de bosquejos'!D4:D197, MATCH(F97, 'Lista de bosquejos'!B4:B197, 0)), "Listo", "No reciente")), "No encontrado"), "¡No encontrado!") -> ¡No encontrado! | M97: =IFERROR(MATCH(F97, 'Lista de bosquejos'!B4:B197, 0), "¿?") -> ¿?
A99: 1 | I99: 0.41666667 | J99: 46243 | K99: =IF(F99 <> "", F99, _xlfn.XLOOKUP(E99, 'Lista de bosquejos'!A4:A197, 'Lista de bosquejos'!B4:B197, "Discurso no encontrado")) -> Discurso no encontrado | L99: =IFERROR(IF(MATCH(F99, 'Lista de bosquejos'!B4:B197, 0), IF(AND(J99-INDEX('Lista de bosquejos'!D4:D197, MATCH(F99, 'Lista de bosquejos'!B4:B197, 0))>1, J99-INDEX('Lista de bosquejos'!D4:D197, MATCH(F99, 'Lista de bosquejos'!B4:B197, 0))<365), "Reciente", IF(J99=INDEX('Lista de bosquejos'!D4:D197, MATCH(F99, 'Lista de bosquejos'!B4:B197, 0)), "Listo", "No reciente")), "No encontrado"), "¡No encontrado!") -> ¡No encontrado! | M99: =IFERROR(MATCH(F99, 'Lista de bosquejos'!B4:B197, 0), "¿?") -> ¿?
A101: 2 | I101: 0.41666667 | J101: 46250 | K101: =IF(F101 <> "", F101, _xlfn.XLOOKUP(E101, 'Lista de bosquejos'!A4:A197, 'Lista de bosquejos'!B4:B197, "Discurso no encontrado")) -> Discurso no encontrado | L101: =IFERROR(IF(MATCH(F101, 'Lista de bosquejos'!B4:B197, 0), IF(AND(J101-INDEX('Lista de bosquejos'!D4:D197, MATCH(F101, 'Lista de bosquejos'!B4:B197, 0))>1, J101-INDEX('Lista de bosquejos'!D4:D197, MATCH(F101, 'Lista de bosquejos'!B4:B197, 0))<365), "Reciente", IF(J101=INDEX('Lista de bosquejos'!D4:D197, MATCH(F101, 'Lista de bosquejos'!B4:B197, 0)), "Listo", "No reciente")), "No encontrado"), "¡No encontrado!") -> ¡No encontrado! | M101: =IFERROR(MATCH(F101, 'Lista de bosquejos'!B4:B197, 0), "¿?") -> ¿?
A103: 3 | I103: 0.41666667 | J103: 46257 | K103: =IF(F103 <> "", F103, _xlfn.XLOOKUP(E103, 'Lista de bosquejos'!A4:A197, 'Lista de bosquejos'!B4:B197, "Discurso no encontrado")) -> Discurso no encontrado | L103: =IFERROR(IF(MATCH(F103, 'Lista de bosquejos'!B4:B197, 0), IF(AND(J103-INDEX('Lista de bosquejos'!D4:D197, MATCH(F103, 'Lista de bosquejos'!B4:B197, 0))>1, J103-INDEX('Lista de bosquejos'!D4:D197, MATCH(F103, 'Lista de bosquejos'!B4:B197, 0))<365), "Reciente", IF(J103=INDEX('Lista de bosquejos'!D4:D197, MATCH(F103, 'Lista de bosquejos'!B4:B197, 0)), "Listo", "No reciente")), "No encontrado"), "¡No encontrado!") -> ¡No encontrado! | M103: =IFERROR(MATCH(F103, 'Lista de bosquejos'!B4:B197, 0), "¿?") -> ¿?
A105: 3 | I105: 0.41666667 | J105: 46264 | K105: =IF(F105 <> "", F105, _xlfn.XLOOKUP(E105, 'Lista de bosquejos'!A4:A197, 'Lista de bosquejos'!B4:B197, "Discurso no encontrado")) -> Discurso no encontrado | L105: =IFERROR(IF(MATCH(F105, 'Lista de bosquejos'!B6:B199, 0), IF(AND(J105-INDEX('Lista de bosquejos'!D6:D199, MATCH(F105, 'Lista de bosquejos'!B6:B199, 0))>1, J105-INDEX('Lista de bosquejos'!D6:D199, MATCH(F105, 'Lista de bosquejos'!B6:B199, 0))<365), "Reciente", IF(J105=INDEX('Lista de bosquejos'!D6:D199, MATCH(F105, 'Lista de bosquejos'!B6:B199, 0)), "Listo", "No reciente")), "No encontrado"), "¡No encontrado!") -> ¡No encontrado! | M105: =IFERROR(MATCH(F105, 'Lista de bosquejos'!B6:B199, 0), "¿?") -> ¿?
A109: Hospitalidad | B109: aseo | E109: Septiembre
A110: Grupo | C110: Discursante | E110: # | F110: Titulo | H110: Canción | I110: Hora | J110: Fecha | L110: Verificar | N110: Numero de contacto | O110: ¿Asistio? | P110: ¿Presento otro bosquejo?
A111: 6 | I111: 0.41666667 | J111: 46271 | K111: =IF(F111 <> "", F111, _xlfn.XLOOKUP(E111, 'Lista de bosquejos'!A4:A197, 'Lista de bosquejos'!B4:B197, "Discurso no encontrado")) -> Discurso no encontrado | L111: =IFERROR(IF(MATCH(F111, 'Lista de bosquejos'!B4:B197, 0), IF(AND(J111-INDEX('Lista de bosquejos'!D4:D197, MATCH(F111, 'Lista de bosquejos'!B4:B197, 0))>1, J111-INDEX('Lista de bosquejos'!D4:D197, MATCH(F111, 'Lista de bosquejos'!B4:B197, 0))<365), "Reciente", IF(J111=INDEX('Lista de bosquejos'!D4:D197, MATCH(F111, 'Lista de bosquejos'!B4:B197, 0)), "Listo", "No reciente")), "No encontrado"), "¡No encontrado!") -> ¡No encontrado! | M111: =IFERROR(MATCH(F111, 'Lista de bosquejos'!B4:B197, 0), "¿?") -> ¿?
A113: 1 | I113: 0.41666667 | J113: 46278 | K113: =IF(F113 <> "", F113, _xlfn.XLOOKUP(E113, 'Lista de bosquejos'!A4:A197, 'Lista de bosquejos'!B4:B197, "Discurso no encontrado")) -> Discurso no encontrado | L113: =IFERROR(IF(MATCH(F113, 'Lista de bosquejos'!B4:B197, 0), IF(AND(J113-INDEX('Lista de bosquejos'!D4:D197, MATCH(F113, 'Lista de bosquejos'!B4:B197, 0))>1, J113-INDEX('Lista de bosquejos'!D4:D197, MATCH(F113, 'Lista de bosquejos'!B4:B197, 0))<365), "Reciente", IF(J113=INDEX('Lista de bosquejos'!D4:D197, MATCH(F113, 'Lista de bosquejos'!B4:B197, 0)), "Listo", "No reciente")), "No encontrado"), "¡No encontrado!") -> ¡No encontrado! | M113: =IFERROR(MATCH(F113, 'Lista de bosquejos'!B4:B197, 0), "¿?") -> ¿?
A115: 2 | I115: 0.41666667 | J115: 46285 | K115: =IF(F115 <> "", F115, _xlfn.XLOOKUP(E115, 'Lista de bosquejos'!A4:A197, 'Lista de bosquejos'!B4:B197, "Discurso no encontrado")) -> Discurso no encontrado | L115: =IFERROR(IF(MATCH(F115, 'Lista de bosquejos'!B4:B197, 0), IF(AND(J115-INDEX('Lista de bosquejos'!D4:D197, MATCH(F115, 'Lista de bosquejos'!B4:B197, 0))>1, J115-INDEX('Lista de bosquejos'!D4:D197, MATCH(F115, 'Lista de bosquejos'!B4:B197, 0))<365), "Reciente", IF(J115=INDEX('Lista de bosquejos'!D4:D197, MATCH(F115, 'Lista de bosquejos'!B4:B197, 0)), "Listo", "No reciente")), "No encontrado"), "¡No encontrado!") -> ¡No encontrado! | M115: =IFERROR(MATCH(F115, 'Lista de bosquejos'!B4:B197, 0), "¿?") -> ¿?
A117: 3 | I117: 0.41666667 | J117: 46292 | K117: =IF(F117 <> "", F117, _xlfn.XLOOKUP(E117, 'Lista de bosquejos'!A4:A197, 'Lista de bosquejos'!B4:B197, "Discurso no encontrado")) -> Discurso no encontrado | L117: =IFERROR(IF(MATCH(F117, 'Lista de bosquejos'!B8:B201, 0), IF(AND(J117-INDEX('Lista de bosquejos'!D4:D197, MATCH(F117, 'Lista de bosquejos'!B8:B201, 0))>1, J117-INDEX('Lista de bosquejos'!D4:D197, MATCH(F117, 'Lista de bosquejos'!B4:B197, 0))<365), "Reciente", IF(J117=INDEX('Lista de bosquejos'!D4:D197, MATCH(F117, 'Lista de bosquejos'!B8:B201, 0)), "Listo", "No reciente")), "No encontrado"), "¡No encontrado!") -> ¡No encontrado! | M117: =IFERROR(MATCH(F117, 'Lista de bosquejos'!B4:B197, 0), "¿?") -> ¿?
A121: Hospitalidad | B121: aseo | E121: Octubre
A122: Grupo | C122: Discursante | E122: # | F122: Tema | H122: Canción | I122: Hora | J122: Fecha | L122: Verificar | N122: Numero de contacto | O122: ¿Asistio? | P122: ¿Presento otro bosquejo?
A123: 6 | I123: 0.41666667 | J123: 46299 | K123: =IF(F123 <> "", F123, _xlfn.XLOOKUP(E123, 'Lista de bosquejos'!A4:A197, 'Lista de bosquejos'!B4:B197, "Discurso no encontrado")) -> Discurso no encontrado | L123: =IFERROR(IF(MATCH(F123, 'Lista de bosquejos'!B4:B197, 0), IF(AND(J123-INDEX('Lista de bosquejos'!D4:D197, MATCH(F123, 'Lista de bosquejos'!B4:B197, 0))>1, J123-INDEX('Lista de bosquejos'!D4:D197, MATCH(F123, 'Lista de bosquejos'!B4:B197, 0))<365), "Reciente", IF(J123=INDEX('Lista de bosquejos'!D4:D197, MATCH(F123, 'Lista de bosquejos'!B4:B197, 0)), "Listo", "No reciente")), "No encontrado"), "¡No encontrado!") -> ¡No encontrado! | M123: =IFERROR(MATCH(F123, 'Lista de bosquejos'!B4:B197, 0), "¿?") -> ¿?
A125: 1 | I125: 0.41666667 | J125: 46306 | K125: =IF(F125 <> "", F125, _xlfn.XLOOKUP(E125, 'Lista de bosquejos'!A4:A197, 'Lista de bosquejos'!B4:B197, "Discurso no encontrado")) -> Discurso no encontrado | L125: =IFERROR(IF(MATCH(F125, 'Lista de bosquejos'!B4:B197, 0), IF(AND(J125-INDEX('Lista de bosquejos'!D4:D197, MATCH(F125, 'Lista de bosquejos'!B4:B197, 0))>1, J125-INDEX('Lista de bosquejos'!D4:D197, MATCH(F125, 'Lista de bosquejos'!B4:B197, 0))<365), "Reciente", IF(J125=INDEX('Lista de bosquejos'!D4:D197, MATCH(F125, 'Lista de bosquejos'!B4:B197, 0)), "Listo", "No reciente")), "No encontrado"), "¡No encontrado!") -> ¡No encontrado! | M125: =IFERROR(MATCH(F125, 'Lista de bosquejos'!B4:B197, 0), "¿?") -> ¿?
A127: 2 | I127: 0.41666667 | J127: 46313 | K127: =IF(F127 <> "", F127, _xlfn.XLOOKUP(E127, 'Lista de bosquejos'!A4:A197, 'Lista de bosquejos'!B4:B197, "Discurso no encontrado")) -> Discurso no encontrado | L127: =IFERROR(IF(MATCH(F127, 'Lista de bosquejos'!B4:B197, 0), IF(AND(J127-INDEX('Lista de bosquejos'!D4:D197, MATCH(F127, 'Lista de bosquejos'!B4:B197, 0))>1, J127-INDEX('Lista de bosquejos'!D4:D197, MATCH(F127, 'Lista de bosquejos'!B4:B197, 0))<365), "Reciente", IF(J127=INDEX('Lista de bosquejos'!D4:D197, MATCH(F127, 'Lista de bosquejos'!B4:B197, 0)), "Listo", "No reciente")), "No encontrado"), "¡No encontrado!") -> ¡No encontrado! | M127: =IFERROR(MATCH(F127, 'Lista de bosquejos'!B4:B197, 0), "¿?") -> ¿?
A129: 3 | I129: 0.41666667 | J129: 46320 | K129: =IF(F129 <> "", F129, _xlfn.XLOOKUP(E129, 'Lista de bosquejos'!A4:A197, 'Lista de bosquejos'!B4:B197, "Discurso no encontrado")) -> Discurso no encontrado | L129: =IFERROR(IF(MATCH(F129, 'Lista de bosquejos'!B4:B197, 0), IF(AND(J129-INDEX('Lista de bosquejos'!D4:D197, MATCH(F129, 'Lista de bosquejos'!B4:B197, 0))>1, J129-INDEX('Lista de bosquejos'!D4:D197, MATCH(F129, 'Lista de bosquejos'!B4:B197, 0))<365), "Reciente", IF(J129=INDEX('Lista de bosquejos'!D4:D197, MATCH(F129, 'Lista de bosquejos'!B4:B197, 0)), "Listo", "No reciente")), "No encontrado"), "¡No encontrado!") -> ¡No encontrado! | M129: =IFERROR(MATCH(F129, 'Lista de bosquejos'!B4:B197, 0), "¿?") -> ¿?
A133: Hospitalidad | B133: aseo | E133: Noviembre
A134: Grupo | C134: Discursante | E134: # | F134: Tema | H134: Canción | I134: Hora | J134: Fecha | L134: Verificar | N134: Numero de contacto | O134: ¿Asistio? | P134: ¿Presento otro bosquejo?
A135: 6 | I135: 0.41666667 | J135: 46327 | K135: =IF(F135 <> "", F135, _xlfn.XLOOKUP(E135, 'Lista de bosquejos'!A4:A197, 'Lista de bosquejos'!B4:B197, "Discurso no encontrado")) -> Discurso no encontrado | L135: =IFERROR(IF(MATCH(F135, 'Lista de bosquejos'!B4:B197, 0), IF(AND(J135-INDEX('Lista de bosquejos'!D4:D197, MATCH(F135, 'Lista de bosquejos'!B4:B197, 0))>1, J135-INDEX('Lista de bosquejos'!D4:D197, MATCH(F135, 'Lista de bosquejos'!B4:B197, 0))<365), "Reciente", IF(J135=INDEX('Lista de bosquejos'!D4:D197, MATCH(F135, 'Lista de bosquejos'!B4:B197, 0)), "Listo", "No reciente")), "No encontrado"), "¡No encontrado!") -> ¡No encontrado! | M135: =IFERROR(MATCH(F135, 'Lista de bosquejos'!B4:B197, 0), "¿?") -> ¿?
B137: 5 | I137: 0.41666667 | J137: 46334 | K137: =IF(F137 <> "", F137, _xlfn.XLOOKUP(E137, 'Lista de bosquejos'!A4:A197, 'Lista de bosquejos'!B4:B197, "Discurso no encontrado")) -> Discurso no encontrado | L137: =IFERROR(IF(MATCH(F137, 'Lista de bosquejos'!B4:B197, 0), IF(AND(J137-INDEX('Lista de bosquejos'!D4:D197, MATCH(F137, 'Lista de bosquejos'!B4:B197, 0))>1, J137-INDEX('Lista de bosquejos'!D4:D197, MATCH(F137, 'Lista de bosquejos'!B4:B197, 0))<365), "Reciente", IF(J137=INDEX('Lista de bosquejos'!D4:D197, MATCH(F137, 'Lista de bosquejos'!B4:B197, 0)), "Listo", "No reciente")), "No encontrado"), "¡No encontrado!") -> ¡No encontrado! | M137: =IFERROR(MATCH(F137, 'Lista de bosquejos'!B4:B197, 0), "¿?") -> ¿?
A139: 1 | B139: 6 | I139: 0.41666667 | J139: 46341 | K139: =IF(F139 <> "", F139, _xlfn.XLOOKUP(E139, 'Lista de bosquejos'!A4:A197, 'Lista de bosquejos'!B4:B197, "Discurso no encontrado")) -> Discurso no encontrado | L139: =IFERROR(IF(MATCH(F139, 'Lista de bosquejos'!B4:B197, 0), IF(AND(J139-INDEX('Lista de bosquejos'!D4:D197, MATCH(F139, 'Lista de bosquejos'!B4:B197, 0))>1, J139-INDEX('Lista de bosquejos'!D4:D197, MATCH(F139, 'Lista de bosquejos'!B4:B197, 0))<365), "Reciente", IF(J139=INDEX('Lista de bosquejos'!D4:D197, MATCH(F139, 'Lista de bosquejos'!B4:B197, 0)), "Listo", "No reciente")), "No encontrado"), "¡No encontrado!") -> ¡No encontrado! | M139: =IFERROR(MATCH(F139, 'Lista de bosquejos'!B4:B197, 0), "¿?") -> ¿?
A141: 2 | B141: 1 | I141: 0.41666667 | J141: 46348 | K141: =IF(F141 <> "", F141, _xlfn.XLOOKUP(E141, 'Lista de bosquejos'!A4:A197, 'Lista de bosquejos'!B4:B197, "Discurso no encontrado")) -> Discurso no encontrado | L141: =IFERROR(IF(MATCH(F141, 'Lista de bosquejos'!B4:B197, 0), IF(AND(J141-INDEX('Lista de bosquejos'!D4:D197, MATCH(F141, 'Lista de bosquejos'!B4:B197, 0))>1, J141-INDEX('Lista de bosquejos'!D4:D197, MATCH(F141, 'Lista de bosquejos'!B4:B197, 0))<365), "Reciente", IF(J141=INDEX('Lista de bosquejos'!D4:D197, MATCH(F141, 'Lista de bosquejos'!B4:B197, 0)), "Listo", "No reciente")), "No encontrado"), "¡No encontrado!") -> ¡No encontrado! | M141: =IFERROR(MATCH(F141, 'Lista de bosquejos'!B4:B197, 0), "¿?") -> ¿?
I143: 0.41666667 | J143: 46355 | K143: =IF(F143 <> "", F1143, _xlfn.XLOOKUP(E1143, 'Lista de bosquejos'!A4:A197, 'Lista de bosquejos'!B4:B197, "Discurso no encontrado")) -> Discurso no encontrado | L143: =IFERROR(IF(MATCH(F143, 'Lista de bosquejos'!B8:B201, 0), IF(AND(J143-INDEX('Lista de bosquejos'!D8:D201, MATCH(F143, 'Lista de bosquejos'!B8:B201, 0))>1, J143-INDEX('Lista de bosquejos'!D8:D201, MATCH(F143, 'Lista de bosquejos'!B8:B201, 0))<365), "Reciente", IF(J143=INDEX('Lista de bosquejos'!D8:D201, MATCH(F143, 'Lista de bosquejos'!B8:B201, 0)), "Listo", "No reciente")), "No encontrado"), "¡No encontrado!") -> ¡No encontrado! | M143: =IFERROR(MATCH(F143, 'Lista de bosquejos'!B8:B201, 0), "¿?") -> ¿?
A147: Hospitalidad | B147: aseo | E147: Diciembre
...

Sheet Visitamos 2026
D2: ROL DE DISCURSOS | J2: Anotaciones adicionales
D3: Congregaciones que nos tocá visitar
D5: Enero
B6: Congregación: | D6: Mar de Cortés | F6: Dia y hora: | G6: Domingo 2:00 pm
B7: Ubicación: | D7: Calle Francisco Villa #605 entre deportista y Lázaro Cárdenas, Colonia Salvador Allende
B8: ='Nos visitan 2026'!C6 -> Discursante | D8: Tema | F8: Canción | G8: Hora | H8: Fecha | J8: Numero de contacto | K8: ¿Asistio? | L8: ¿Presento otro bosquejo?
D9: Asamblea de circuito | H9: 45298
B11: Ricardo Toledo Saenz | D11: Alejemos la mirada de lo que es inútil | G11: 0.58333333 | H11: 45305
B13: Carlos R. Sánchez Toledo | D13: ¿Por qué andar en el camino de Dios? | G13: 0.58333333 | H13: 45312
B15: Oscar A. Rojas Barrios | D15: ¿Como tomará usted sus decisiones? | G15: 0.58333333 | H15: 45319
D19: Febrero
B20: Congregación: | D20: Estrella del Mar | F20: Dia y hora: | G20: Domingo 9:30 am
B21: Ubicación: | D21: Barron, sinaloa
B22: Discursante | D22: Tema | F22: Canción | G22: Hora | H22: Fecha | J22: Numero de contacto | K22: ¿Asistio? | L22: ¿Presento otro bosquejo?
H23: 45326
H25: 45333
B27: Gerson Daniel Saenz Lizarraga | D27: ¿Qué pruebas demuestran la autenticidad de la Biblia? | G27: 0.375 | H27: 45340
B29: Ramón Rojas Barrios | D29: ¿Sobreviviremos a los ultimos días? | G29: 0.375 | H29: 45347
D33: Marzo
B34: Congregación: | D34: Estrella del Mar | F34: Dia y hora: | G34: Sabado 4:00 pm
B35: Ubicación: | D35: Barron, Sinaloa
B36: Discursante | D36: Tema | F36: Canción | G36: Hora | H36: Fecha | J36: Numero de contacto | K36: ¿Asistio? | L36: ¿Presento otro bosquejo?
B37: Saul Salas Quiñones | D37: ¿Como obtener consuelo en toda tribulación? | G37: 0.66666667 | H37: 45352
B39: Azahel Ramirez | D39: Consigamos que nuestro corazón sea sabio | F39: 36 | G39: 0.66666667 | H39: 45359
B41: Daniel Saenz Lizarraga | D41: ¿Qué pruebas demuestran la autenticidad de la Biblia? | F41: 98 | G41: 0.66666667 | H41: 45366
D43: No hay salidas | G43: 0.66666667 | H43: 45373
D45: Asamblea de circuito | G45: 0.66666667 | H45: 45380
D49: Abril
B50: Congregación: | D50: Pino Suarez | F50: Dia y hora: | G50: Sabado 7:00 pm
B51: Ubicación: | D51: Escolar 28, Urías, 82099 Mazatlán, Sin.
B52: Discursante | D52: Tema | F52: Canción | G52: Hora | H52: Fecha | J52: Numero de contacto | K52: ¿Asistio? | L52: ¿Presento otro bosquejo?
D53: Asamblea de circuito | G53: 0.79166667 | H53: 44658
B55: Carlos Rafael Sanchez Toledo | G55: 0.79166667 | H55: 44665
B57: Oscar Abel Rojas Barrios | G57: 0.79166667 | H57: 44672
B59: Gerson Daniel Saenz Lizarraga | G59: 0.79166667 | H59: 44679
B61: Marco Antonio Zatarain Barron | G61: 0.79166667 | H61: 44686
D65: Mayo
B66: Congregación: | D66: Olimpica | F66: Dia y hora: | G66: Domingo 4:00 PM
B67: Ubicación: | D67: Calle Pedro Infante #3705, Colonia Olímpica, 82150 Mazatlán, Sin.
B68: Discursante | D68: Tema | F68: Canción | G68: Hora | H68: Fecha | J68: Numero de contacto | K68: ¿Asistio? | L68: ¿Presento otro bosquejo?
D69: Salida no programada | G69: 0.66666667 | H69: 45050
D71: Salida no programada | G71: 0.66666667 | H71: 45057
B73: Daniel Saenz | D73: ¿Cómo es posible que un Dios de amor permita la maldad? | F73: 115 | G73: 0.66666667 | H73: 45064
B75: Luis Muñoz | D75: ¿Quién es su dios? | F75: 2 | G75: 0.66666667 | H75: 45071
D77: Salida no programada | G77: 0.66666667 | H77: 45078
D81: Junio
B82: Congregación: | F82: Dia y hora: | G82: Sabados 4:30 PM
B83: Ubicación: | D83: Av Joaquín Escobar R., Villa Verde, 82139 Mazatlán, Sin.
B84: Discursante | D84: Tema | F84: Canción | G84: Hora | H84: Fecha | J84: Numero de contacto | K84: ¿Asistio? | L84: ¿Presento otro bosquejo?
B85: Saul Salas | D85: "Siga el camino a la vida" | G85: 0.6875 | H85: 45091
B87: Ricardo Toledo Saenz | D87: Haga de Jehová su "fortaleza" | F87: 8 | G87: 0.6875 | H87: 45098
B89: Marco Antonio Zatarain B. | D89: El mundo que nos rodea prueba que Dios existe | F89: 5 | G89: 0.6875 | H89: 45105
B91: Azahel Ramirez | D91: "Estense quietos y vean cómo los salva Jehová" | F91: 122 | G91: 0.6875 | H91: 45112
D95: Julio
B96: Congregación: | F96: Dia y hora:
B97: Ubicación:
B98: Discursante | D98: Tema | F98: Canción | G98: Hora | H98: Fecha | J98: Numero de contacto | K98: ¿Asistio? | L98: ¿Presento otro bosquejo?
H99: 45114
H101: 45121
H103: 45128
H105: 45135
H107: 45136
D111: Agosto
B112: Congregación: | D112: Tulipan | F112: Dia y hora: | G112: Domingo 9:00 AM
B113: Ubicación: | D113: Calle Bahía Magdalena #31, Col. Rincón de Urias, 82070
B114: Discursante | D114: Tema | F114: Canción | G114: Hora | H114: Fecha | J114: Numero de contacto | K114: ¿Asistio? | L114: ¿Presento otro bosquejo?
B115: Daniel Saenz | D115: 187 - ¿Cómo es posible que un Dios de amor permita la maldad? | F115: 115 | G115: 0.375 | H115: 45872
B117: Luis Muñoz Reyes | D117: ¿Faltará menos de lo que usted cree? | G117: 0.375 | H117: 45879
D119: Asamblea Regional 2025 | G119: 0.375 | H119: 45886
B121: Oscar Rojas Barrios | D121: 190 - Una familia unida y feliz para siempre | F121: 136 | G121: 0.375 | H121: 45893
B123: Marco Antonio Zatarain | D123: 71 - Ahora es el momento de estar despiertos | F123: 126 | G123: 0.375 | H123: 45900
D127: Septiembre
B128: Congregación: | F128: Dia y hora:
B129: Ubicación:
B130: Discursante | D130: Tema | F130: Canción | G130: Hora | H130: Fecha | J130: Numero de contacto | K130: ¿Asistio? | L130: ¿Presento otro bosquejo?
G131: 0.5 | H131: 45170
G133: 0.5 | H133: 45177
G135: 0.5 | H135: 45184
G137: 0.5 | H137: 45191
G139: 0.5 | H139: 45198
D143: Octubre
B144: Congregación: | D144: Bicentenario | F144: Dia y hora: | G144: Sabado 6:00 pm
B145: Ubicación: | D145: Avenida Francisco Solís #2408Col. Francisco Villa 82127
B146: Discursante | D146: Tema | F146: Canción | G146: Hora | H146: Fecha | J146: Numero de contacto | K146: ¿Asistio? | L146: ¿Presento otro bosquejo?
B147: Azahel Ramírez | D147: Aguantemos la persecución | F147: 128 | G147: 0.75 | H147: 45934
B149: Saúl Salas Quiñones | D149: Cómo obtener consuelo en toda tribulación | G149: 0.75 | H149: 45941
B151: Ramón Rojas Barrios | D151: ¿Sobreviviremos a los últimos días? | G151: 0.75 | H151: 45948
B153: Fidel Arturo Cárdenas F. | D153: Como lograr que Dios escuché nuestras oraciones | F153: 47 | G153: 0.75 | H153: 45955
D157: Noviembre
B158: Congregación: | D158: Bicentenario | F158: Dia y hora: | G158: Sabado 6:00 pm
B159: Ubicación: | D159: Avenida Francisco Solís #2408Col. Francisco Villa 82127
B160: Discursante | D160: Tema | F160: Canción | G160: Hora | H160: Fecha | J160: Numero de contacto | K160: ¿Asistio? | L160: ¿Presento otro bosquejo?
D161: No aplica | G161: 0.75 | H161: 45962
D163: Programa especial de dedicacion de instalaciones teocraticas | G163: 0.75 | H163: 45969
B165: Luis Muñoz | D165: ¿Faltará menos de lo que usted cree? | G165: 0.75 | H165: 45976
B167: Oscar Abel Rojas Barrios | D167: Ayuda práctica para las familias | G167: 0.75 | H167: 45983
D171: Diciembre
B172: Congregación:
B173: Ubicación:
B174: Discursante | D174: Tema | F174: Canción | G174: Hora | H174: Fecha | J174: Numero de contacto | K174: ¿Asistio? | L174: ¿Presento otro bosquejo?
...

Sheet Formato
B2: Oradores congregación "El Castillo"
B3: Reunión: Domingo 10:00 am
B4: Coordinador de discursos: Marco A. Zatarain | F4: Número celular: 6691907833
B6: Nombre | C6: Luis Muñoz | G6: Anciano
B7: Contacto | C7: +52 669 593 2761 | G7: Cong. El Castillo
B8: No. | C8: Tema | H8: Canción
B9: 52 | C9: ¿Quién es su dios? | H9: 2
C10: ¿Faltará menos de lo que usted cree?
B12: Nombre | C12: Marco Antonio Zatarain Barrón | G12: Anciano
B13: Contacto | C13: +52 6691907833 | G13: Cong. El Castillo
B14: No. | C14: Tema | H14: Canción
B15: 4 | C15: El mundo que nos rodea prueba que Dios existe | H15: 5
B16: 96 | C16: ¿Cuál es el futuro de la religión? | H16: 32
B17: 71 | C17: Ahora es el momento de estar despiertos | H17: 126
B19: Nombre | C19: Saúl Salas Quiñones | G19: Anciano
B20: Contacto | C20: +52 6691659845 | G20: Cong. El Castillo
B21: No. | C21: Tema | H21: Canción
B22: 105 | C22: ¿Como obtener consuelo en toda tribulación?
B23: 45 | C23: "Siga el camino a la vida"
B26: Nombre | C26: Azahel Ramirez | G26: Anciano
B27: Contacto | C27: +52 669 273 6232 | G27: Cong. El Castillo
B28: No. | C28: Tema | H28: Canción
B29: 41 | C29: "Estense quietos y vean cómo los salva Jehová" | H29: 122
B30: 57 | C30: Aguantemos la persecución | H30: 128
B31: 67 | C31: Medite en la Palabra de Jehová y en su creación | H31: 45
B32: 73 | C32: Consigamos que nuestro corazón sea sabio | H32: 36
B35: Nombre | C35: Gerson Daniel Saenz Lizarraga | G35: Anciano
B36: Contacto | C36: +52 6691661333 | G36: Cong. El Castillo
B37: No. | C37: Tema | H37: Canción
B38: 175 | C38: ¿Qué pruebas demuestran la autenticidad de la Biblia? | H38: 98
B39: 187 | C39: ¿Cómo es posible que un Dios de amor permita la maldad? | H39: 115
B43: Nombre | C43: Ramón Rojas Barrios | G43: Anciano
B44: Contacto | C44: +52 6692518642 | G44: Cong. El Castillo
B45: No. | C45: Tema | H45: Canción
B46: 2 | C46: ¿Sobreviviremos a los ultimos días?
B47: 189 | C47: Andar con Dios nos beneficia ahora y para siempre | H47: 31
B51: Nombre | C51: Fidel Arturo Cardenas F. | G51: Siervo Ministerial
B52: Contacto | C52: +52 669 134 6338 | G52: Cong. El Castillo
B53: No. | C53: Tema | H53: Canción
B54: 77 | C54: “Sean siempre hospitalarios”
B55: 86 | C55: Cómo lograr que dios escuché nuestras oraciones | H55: 47

Sheet Nuestros oradores
B1: Oradores congregación "El Castillo"
B2: Reunión: Sabado 6:00 PM
B3: Coordinador de discursos: Marco A. Zatarain | F3: Número celular: 6691907833
B5: Nombre | C5: Ricardo Toledo Saenz | G5: Anciano
B6: Contacto | C6: +52 6692680928 | G6: Cong. El Castillo
B7: No. | C7: Tema | H7: Canción
B8: 6 | C8: ¿Qué aprendemos del Diluvio universal?
B9: 18 | C9: Haga de Jehová su "fortaleza" | H9: 8
B10: 183 | C10: Alejemos la mirada de lo que es inútil | H10: 126
B13: Nombre | C13: Marco Antonio Zatarain Barrón | G13: Anciano
B14: Contacto | C14: +52 6691907833 | G14: Cong. El Castillo
B15: No. | C15: Tema | H15: Canción
B16: 4 | C16: El mundo que nos rodea prueba que Dios existe | H16: 5
B17: 96 | C17: ¿Cuál es el futuro de la religión? | H17: 32
B18: 71 | C18: Ahora es el momento de estar despiertos | H18: 126
B20: Nombre | C20: Saúl Salas Quiñones | G20: Anciano
B21: Contacto | C21: +52 6691659845 | G21: Cong. El Castillo
B22: No. | C22: Tema | H22: Canción
B23: 105 | C23: ¿Como obtener consuelo en toda tribulación?
B24: 45 | C24: "Siga el camino a la vida"
B27: Nombre | C27: Azahel Ramirez | G27: Anciano
B28: Contacto | C28: +52 669 273 6232 | G28: Cong. El Castillo
B29: No. | C29: Tema | H29: Canción
B30: 41 | C30: "Estense quietos y vean cómo los salva Jehová" | H30: 122
B31: 57 | C31: Aguantemos la persecución | H31: 128
B32: 67 | C32: Medite en la Palabra de Jehová y en su creación | H32: 45
B33: 73 | C33: Consigamos que nuestro corazón sea sabio | H33: 36
B35: Nombre | C35: Oscar Abel Rojas Barrios | G35: Anciano
B36: Contacto | C36: +52 6691973020 | G36: Cong. El Castillo
B37: No. | C37: Tema | H37: Canción
B38: 50 | C38: ¿Como tomará usted sus decisiones?
B39: 177 | C39: ¿A quien podemos acudir en tiempos de angustia?
B40: 5 | C40: Ayuda práctica para las familias
B41: 126 | C41: Porque deben ser diferentes los cristianos
B42: 190 | C42: Una familia unida y feliz para siempre | H42: 136
B44: Nombre | C44: Gerson Daniel Saenz Lizarraga | G44: Anciano
B45: Contacto | C45: +52 6691661333 | G45: Cong. El Castillo
B46: No. | C46: Tema | H46: Canción
B47: 175 | C47: ¿Qué pruebas demuestran la autenticidad de la Biblia? | H47: 98
B48: 187 | C48: ¿Cómo es posible que un Dios de amor permita la maldad? | H48: 115
B52: Nombre | C52: Ramón Rojas Barrios | G52: Anciano
B53: Contacto | C53: +52 6692518642 | G53: Cong. El Castillo
B54: No. | C54: Tema | H54: Canción
B55: 2 | C55: ¿Sobreviviremos a los ultimos días?
B56: 189 | C56: Andar con Dios nos beneficia ahora y para siempre | H56: 31
B60: Nombre | C60: Fidel Arturo Cardenas F. | G60: Siervo Ministerial
B61: Contacto | C61: +52 669 134 6338 | G61: Cong. El Castillo
B62: No. | C62: Tema | H62: Canción
B63: 77 | C63: “Sean siempre hospitalarios”
B64: 86 | C64: Cómo lograr que dios escuché nuestras oraciones | H64: 47
B69: Nombre | C69: Luis Muñoz | G69: Anciano
B70: Contacto | C70: +52 669 593 2761 | G70: Cong. El Castillo
B71: No. | C71: Tema | H71: Canción
B72: 52 | C72: ¿Quién es su dios? | H72: 2
C73: ¿Faltará menos de lo que usted cree?

Sheet Base de datos
B2: Registro de roles | J2: Orden para salir
J3: Ricardo T. | L3: A
B4: 2023 | J4: Marco Z | L4: A
B5: Meses | D5: Congregación | J5: Saul Salas | L5: A
B6: Enero | D6: Local | J6: Azahel Ramirez | L6: A
B7: Febrero | D7: Local | J7: Oscar Rojas | L7: A
B8: Marzo | D8: Lomas de Juarez | J8: Daniel Saenz | L8: A
B9: Abril | D9: Carranza | J9: Ramon Rojas | L9: A
B10: Mayo | D10: La Sirena | J10: Fidel Cardenaz | L10: SM
B11: Junio | D11: Santa Fe | J11: Luis Muñoz | L11: A
B12: Julio | D12: El Roble | J12: Carlos Sanchez | L12: SM
B13: Agosto | D13: El Roble
B14: Septiembre | D14: Tulipan
B15: Octubre | D15: Pradera Dorada
B16: Noviembre | D16: Pradera Dorada | J16: abel
B17: Diciembre | D17: Costa dorada | J17: juan
J18: chris
B19: 2024 | J19: oscar
B20: Meses | D20: Congregación | J20: fidel
B21: Enero | D21: Mar de Cortez | J21: luis
B22: Febrero | D22: Naval
B23: Marzo | D23: Campestre
B24: Abril | D24: Pino Suarez
B25: Mayo | D25: Rol local
B26: Junio | D26: Rol local
B27: Julio | D27: Invitaciones
B28: Agosto | D28: Insurgentes
B29: Septiembre | D29: Estadio
B30: Octubre
B31: Noviembre
B32: Diciembre
B34: 2025
B35: Meses | D35: Congregación
B36: Enero | D36: Francisco Villa
B37: Febrero | D37: Santa Fe | F37: m
B38: Marzo | D38: Barron
B39: Abril | D39: Redonda | F39: m
B40: Mayo | D40: Olimpica
B41: Junio | D41: Villas del sol | F41: m
B42: Julio | D42: Tronconal
B43: Agosto | D43: Tulipan | F43: m
B44: Septiembre | D44: Baldo
B45: Octubre | D45: Bicentenario | F45: m
B46: Noviembre | D46: Bicentenario
B47: Diciembre
B49: 2026
B50: Meses | D50: Congregación
B51: Enero | D51: Local
B52: Febrero | D52: Local
B53: Marzo | D53: Local
B54: Abril
B55: Mayo
B56: Junio
B57: Julio
B58: Agosto
B59: Septiembre
B60: Octubre
B61: Noviembre
B62: Diciembre

Sheet Canciones sugeridas
A1: N° | B1: Titulo | C1: Tema | D1: Canción | E1: Opcional
A2: 1 | B2: ¿Conoce bien a Dios? | C2: FE/ESPIRITUALIDAD | D2: 2, 4
A3: 2 | B3: ¿Sobreviviremos a los últimos días? | C3: ULTIMOS DIAS/JUICIO DE DIOS | D3: 139, 144
A4: 3 | B4: Avancemos con la organización unida de Jehová | C4: RELIGION/ADORACION | D4: 101
A5: 4 | B5: El mundo que nos rodea prueba que Dios existe | C5: BIBLIA/DIOS | D5: 6, 11
A6: 5 | B6: Ayuda práctica para las familias | C6: FAMILIA/JOVENES | D6: 131, 132
A7: 6 | B7: ¿Qué aprendemos del diluvio de los días de Noé? | C7: ULTIMOS DIAS/JUICIO DE DIOS | D7: 150
A8: 7 | B8: Imitemos al "padre de tiernas misericordias" | C8: NORMAS Y CUALIDADES CRISTIANAS | D8: 125
A9: 8 | B9: Vivamos para hacer la voluntad de Dios, no la nuestra | C9: RELIGION/ADORACION | D9: 21
A10: 9 | B10: Escuchemos y pongamos en práctica la Palabra de Dios | C10: FE/ESPIRITUALIDAD | D10: 127
A11: 10 | B11: Seamos honrados en todo | C11: NORMAS Y CUALIDADES CRISTIANAS | D11: 121
A12: 11 | B12: Imitemos a Jesús, y no seamos parte del mundo | C12: MUNDO, NO SER PARTE DEL | D12: 13
A13: 12 | B13: A Dios le importa como vemos la autoridad | C13: NORMAS Y CUALIDADES CRISTIANAS | D13: 123
A14: 13 | B14: Cómo ve Dios el sexo y el matrimonio | C14: FAMILIA/JOVENES | D14: 131
A15: 14 | B15: Un pueblo limpio da gloria a Jehová | C15: NORMAS Y CUALIDADES CRISTIANAS | D15: 29, 39
A16: 15 | B16: "Hagamos el bien a todos" | C16: NORMAS Y CUALIDADES CRISTIANAS | D16: 106
A17: 16 | B17: Fortalezcamos nuestra amistad con Dios | C17: FE/ESPIRITUALIDAD | D17: 31
A18: 17 | B18: Demos gloria a Dios con todo lo que tenemos | C18: EVANGELIZACION/MINISTERIO | D18: 35
A19: 18 | B19: Haga de Jehová su "fortaleza" | C19: FE/ESPIRITUALIDAD | D19: 148
A20: 19 | B20: Cómo puede usted conocer su futuro | C20: REINO/PARAISO | D20: 142
A21: 20 | B21: ¿Ha llegado el tiempo para que Dios gobierne el mundo? | C21: ULTIMOS DIAS/JUICIO DE DIOS | D21: 9
A22: 21 | B22: Valoremos nuestro lugar en el Reino de Dios | C22: REINO/PARAISO | D22: 21
A23: 22 | B23: ¿Aprovecha usted todas las ayudas espirituales que Jehová nos da? | C23: FE/ESPIRITUALIDAD | D23: 20
A24: 23 | B24: La vida tiene propósito | C24: REINO/PARAISO | D24: 141
A25: 24 | B25: ¿Ha encontrado usted "una perla muy valiosa"? | C25: REINO/PARAISO | D25: 23
A26: 25 | B26: Luchemos contra el espíritu del mundo | C26: MUNDO, NO SER PARTE DEL | D26: 128
A27: 26 | B27: (No está disponible) | C27: BIBLIA/DIOS
A28: 27 | B28: Cómo iniciar bien un matrimonio | C28: FAMILIA/JOVENES | D28: 131, 132
A29: 28 | B29: Muestre amor y respeto en su matrimonio | C29: FAMILIA/JOVENES | D29: 131, 132
A30: 29 | B30: Las responsabilidades y las recompensas que tienen los padres | C30: FAMILIA/JOVENES | D30: 134
A31: 30 | B31: Cómo mejorar la comunicación en la familia | C31: FAMILIA/JOVENES | D31: 47
A32: 31 | B32: ¿Estamos al tanto de nuestras necesidades espirituales? | C32: FE/ESPIRITUALIDAD | D32: 57, 58
A33: 32 | B33: Cómo enfrentarse a las inquietudes de la vida | C33: PRUEBAS/PROBLEMAS | D33: 38
A34: 33 | B34: ¿Habrá algún día justicia para todos? | C34: MUNDO, NO SER PARTE DEL | D34: 34, 36
A35: 34 | B35: ¿Está usted marcado para sobrevivir? | C35: ULTIMOS DIAS/JUICIO DE DIOS | D35: 139
A36: 35 | B36: ¿Se puede vivir para siempre? ¿Lo logrará usted? | C36: REINO/PARAISO | D36: 140, 141
A37: 36 | B37: ¿Es esta vida todo lo que podemos esperar? | C37: RELIGION/ADORACION | D37: 145, 146
A38: 37 | B38: ¿Por qué andar en el camino de Dios? | C38: REINO/PARAISO | D38: 24
A39: 38 | B39: ¿Cómo puede usted sobrevivir al fin del mundo? | C39: ULTIMOS DIAS/JUICIO DE DIOS | D39: 34, 122
A40: 39 | B40: !Seguros de la victoria divina! | C40: BIBLIA/DIOS | D40: 149
A41: 40 | B41: (No está disponible) | C41: ULTIMOS DIAS/JUICIO DE DIOS
A42: 41 | B42: "Estense quietos y vean como los salva Jehová" | C42: ULTIMOS DIAS/JUICIO DE DIOS | D42: 148
A43: 42 | B43: Cómo le afecta a usted el Reino de Dios | C43: REINO/PARAISO | D43: 22, 23
A44: 43 | B44: Lo que Dios espera de nosotros siempre nos beneficia | C44: RELIGION/ADORACION | D44: 28
A45: 44 | B45: Siga buscando el Reino de Dios | C45: REINO/PARAISO | D45: 21
A46: 45 | B46: Sigamos el camino que lleva a la vida | C46: RELIGION/ADORACION | D46: 54
A47: 46 | B47: Mantengamos nuestra confianza fuerte hasta el fin | C47: BIBLIA/DIOS | D47: 124, 126
A48: 47 | B48: (No está disponible) | C48: REINO/PARAISO
A49: 48 | B49: Como ser leales antes las pruebas | C49: NORMAS Y CUALIDADES CRISTIANAS | D49: 124
A50: 49 | B50: ¿Viviremos algún día en una tierra limpia? | C50: REINO/PARAISO | D50: 144, 146
A51: 50 | B51: Cómo tomar buenas decisiones | C51: PRUEBAS/PROBLEMAS | D51: 135
A52: 51 | B52: ¿Está la verdad transformando su vida? | C52: MUNDO, NO SER PARTE DEL | D52: 88
A53: 52 | B53: ¿Quién es su Dios? | C53: RELIGION/ADORACION | D53: 40
A54: 53 | B54: ¿Piensa usted igual que Dios? | C54: MUNDO, NO SER PARTE DEL | D54: 127
A55: 54 | B55: Edifique su fe en el hacedor del hombre | C55: BIBLIA/DIOS | D55: 118, 119
A56: 55 | B56: ¿Qué clase de nombre se está haciendo con Dios? | C56: RELIGION/ADORACION | D56: 39
A57: 56 | B57: ¿En que líder podemos confiar? | C57: RELIGION/ADORACION | D57: 14, 15
A58: 57 | B58: Aguantemos la persecución | C58: PRUEBAS/PROBLEMAS | D58: 128, 129
A59: 58 | B59: ¿Quiénes son los verdaderos discípulos de Cristo? | C59: RELIGION/ADORACION | D59: 37
A60: 59 | B60: Se siega lo que se siembra | C60: MUNDO, NO SER PARTE DEL | D60: 135
A61: 60 | B61: ¿Qué propósito tiene la vida? | C61: REINO/PARAISO | D61: 51, 52
A62: 61 | B62: ¿En las promesas de quien confía usted? | C62: REINO/PARAISO | D62: 145, 147
A63: 62 | B63: El único remedio para la humanidad enferma | C63: REINO/PARAISO | D63: 142, 144
A64: 63 | B64: ¿Tiene usted espíritu evangelizador? | C64: EVANGELIZACION/MINISTERIO | D64: 53, 57
A65: 64 | B65: ¿Amadores de placeres o amadores de Dios? | C65: MUNDO, NO SER PARTE DEL | D65: 49
A66: 65 | B66: ¿Cómo podemos ser pacíficos en un mundo violento? | C66: EVANGELIZACION/MINISTERIO | D66: 64, 76
A67: 66 | B67: Trabaje como esclavo para el amo de la siega | C67: EVANGELIZACION/MINISTERIO | D67: 68, 84
A68: 67 | B68: Dedique tiempo a meditar en asuntos espirituales | C68: BIBLIA/DIOS | D68: 35
A69: 68 | B69: ¿Guarda usted rencor o perdona? | C69: NORMAS Y CUALIDADES CRISTIANAS | D69: 130
A70: 69 | B70: renovemos el espítitu de abnegación | C70: NORMAS Y CUALIDADES CRISTIANAS | D70: 13, 75
A71: 70 | B71: Cifre su confianza en Jehová | C71: BIBLIA/DIOS | D71: 118, 119
A72: 71 | B72: Cómo mantenerse despierto espiritualmente | C72: NORMAS Y CUALIDADES CRISTIANAS | D72: 124, 126
A73: 72 | B73: El amor identifica a la congregación cristiana verdadera | C73: PRUEBAS/PROBLEMAS | D73: 106, 109
A74: 73 | B74: Adquiera un corazón de sabiduría | C74: BIBLIA/DIOS | D74: 36, 135
A75: 74 | B75: Los ojos de Jehová están sobre nosotros | C75: REINO/PARAISO | D75: 29, 39
A76: 75 | B76: ¿Reconoce usted la soberanía de Jehová en su vida personal? | C76: BIBLIA/DIOS | D76: 21, 24
A77: 76 | B77: ¿Pueden los principios bíblicos ayudarnos a afrontar los problemas de nuestro tiempo? | C77: NORMAS Y CUALIDADES CRISTIANAS | D77: 35, 48
A78: 77 | B78: siga la senda de la hospitalidad | C78: NORMAS Y CUALIDADES CRISTIANAS | D78: 100
A79: 78 | B79: sirva a jehová con corazón gozoso | C79: MUNDO, NO SER PARTE DEL | D79: 110, 111
A80: 79 | B80: La amistad con Dios o la amistad con el mundo: ¿cuál escogerá usted? | C80: BIBLIA/DIOS | D80: 32
A81: 80 | B81: ¿Cifra usted su esperanza en la ciencia, o en la Biblia? | C81: EVANGELIZACION/MINISTERIO | D81: 98, 140
A82: 81 | B82: ¿Quiénes llenan los requisitos para ser ministros de Dios? | C82: RELIGION/ADORACION | D82: 61.63
A83: 82 | B83: Jehová y Cristo: ¿son ellos parte de una trinidad? | C83: RELIGION/ADORACION | D83: 2, 15
A84: 83 | B84: El tiempo de juicio para la religión | C84: ULTIMOS DIAS/JUICIO DE DIOS | D84: 23, 24
A85: 84 | B85: ¿Escapará usted de lo que le espera a este mundo? | C85: REINO/PARAISO | D85: 142, 144
A86: 85 | B86: Buenas nuevas en un mundo violento | C86: RELIGION/ADORACION | D86: 73, 143
A87: 86 | B87: las oraciones que Dios escucha | C87: BIBLIA/DIOS | D87: 42
A88: 87 | B88: ¿Qué relación tiene usted con Dios? | C88: BIBLIA/DIOS | D88: 28, 30
A89: 88 | B89: ¿Por qué regir su vida por las normas bíblicas? | C89: RELIGION/ADORACION | D89: 96, 97
A90: 89 | B90: !Venga, el que tenga sed de la verdad! | C90: REINO/PARAISO | D90: 108
A91: 90 | B91: Esfuércese por conseguir la vida que realmente es vida | C91: REINO/PARAISO | D91: 140, 143
A92: 91 | B92: La presencia y gobernación del Mesías | C92: RELIGION/ADORACION | D92: 22, 23
A93: 92 | B93: El papel de la religión en los asuntos del mundo | C93: RELIGION/ADORACION | D93: 54
A94: 93 | B94: ¿Es Dios el causante de los desastres naturales? | C94: ULTIMOS DIAS/JUICIO DE DIOS | D94: 105
A95: 94 | B95: La religion verdadera sastiface las necesidades de la sociedad humana | C95: RELIGION/ADORACION | D95: 33, 38
A96: 95 | B96: La Biblia ante las prácticas espiritistas | C96: RELIGION/ADORACION | D96: 95, 96
A97: 96 | B97: ¿Cuál es el futuro de la religión? | C97: RELIGION/ADORACION | D97: 146
A98: 97 | B98: Permanezcamos sin culpa en medio de una generación torcida | C98: MUNDO, NO SER PARTE DEL | D98: 122
A99: 98 | B99: "La escena de este mundo está cambiando" | C99: MUNDO, NO SER PARTE DEL | D99: 121
A100: 99 | B100: Por qué se puede confiar en la Biblia | C100: BIBLIA/DIOS | D100: 96, 98
...
